record_id,text
r0,"“During trial 0, the careful review team examined every available measurement in considerable detail — twice, and they recorded each unexpected deviation for the final committee report.” The second review used a separate checklist throughout the long afternoon session, but it still reached the same documented conclusion. A third analyst inspected the notes before the meeting began. The committee then archived the complete record for later verification. Finally, an independent reader confirmed that the summary matched the evidence… The archive remained available for later inspection."
r1,"“During trial 1, the careful review team examined every available measurement in considerable detail — twice, and they recorded each unexpected deviation for the final committee report.” The second review used a separate checklist throughout the long afternoon session, but it still reached the same documented conclusion. A third analyst inspected the notes before the meeting began. The committee then archived the complete record for later verification. Finally, an independent reader confirmed that the summary matched the evidence… The archive remained available for later inspection."
r2,"“During trial 2, the careful review team examined every available measurement in considerable detail — twice, and they recorded each unexpected deviation for the final committee report.” The second review used a separate checklist throughout the long afternoon session, but it still reached the same documented conclusion. A third analyst inspected the notes before the meeting began. The committee then archived the complete record for later verification. Finally, an independent reader confirmed that the summary matched the evidence… The archive remained available for later inspection."
r3,"“During trial 3, the careful review team examined every available measurement in considerable detail — twice, and they recorded each unexpected deviation for the final committee report.” The second review used a separate checklist throughout the long afternoon session, but it still reached the same documented conclusion. A third analyst inspected the notes before the meeting began. The committee then archived the complete record for later verification. Finally, an independent reader confirmed that the summary matched the evidence… The archive remained available for later inspection."
r4,"“During trial 4, the careful review team examined every available measurement in considerable detail — twice, and they recorded each unexpected deviation for the final committee report.” The second review used a separate checklist throughout the long afternoon session, but it still reached the same documented conclusion. A third analyst inspected the notes before the meeting began. The committee then archived the complete record for later verification. Finally, an independent reader confirmed that the summary matched the evidence… The archive remained available for later inspection."
r5,"“During trial 5, the careful review team examined every available measurement in considerable detail — twice, and they recorded each unexpected deviation for the final committee report.” The second review used a separate checklist throughout the long afternoon session, but it still reached the same documented conclusion. A third analyst inspected the notes before the meeting began. The committee then archived the complete record for later verification. Finally, an independent reader confirmed that the summary matched the evidence… The archive remained available for later inspection."
r6,"“During trial 6, the careful review team examined every available measurement in considerable detail — twice, and they recorded each unexpected deviation for the final committee report.” The second review used a separate checklist throughout the long afternoon session, but it still reached the same documented conclusion. A third analyst inspected the notes before the meeting began. The committee then archived the complete record for later verification. Finally, an independent reader confirmed that the summary matched the evidence… The archive remained available for later inspection."
r7,"“During trial 7, the careful review team examined every available measurement in considerable detail — twice, and they recorded each unexpected deviation for the final committee report.” The second review used a separate checklist throughout the long afternoon session, but it still reached the same documented conclusion. A third analyst inspected the notes before the meeting began. The committee then archived the complete record for later verification. Finally, an independent reader confirmed that the summary matched the evidence… The archive remained available for later inspection."
r8,"“During trial 8, the careful review team examined every available measurement in considerable detail — twice, and they recorded each unexpected deviation for the final committee report.” The second review used a separate checklist throughout the long afternoon session, but it still reached the same documented conclusion. A third analyst inspected the notes before the meeting began. The committee then archived the complete record for later verification. Finally, an independent reader confirmed that the summary matched the evidence… The archive remained available for later inspection."
r9,"“During trial 9, the careful review team examined every available measurement in considerable detail — twice, and they recorded each unexpected deviation for the final committee report.” The second review used a separate checklist throughout the long afternoon session, but it still reached the same documented conclusion. A third analyst inspected the notes before the meeting began. The committee then archived the complete record for later verification. Finally, an independent reader confirmed that the summary matched the evidence… The archive remained available for later inspection."
